text,label
"This product is absolutely brilliant and exceeded every expectation I had.",1
"Best purchase I have made in years. Outstanding quality from start to finish.",1
"The customer service team was incredibly helpful and sorted my issue in minutes.",1
"Five stars without any hesitation. Arrived quickly and works perfectly.",1
"Wonderful experience. The packaging was beautiful and the item looks exactly like the photos.",1
"I am genuinely impressed by the build quality. Feels premium and solid.",1
"Exactly what I was looking for. Simple to set up and works flawlessly.",1
"The delivery was faster than expected and the product is superb. Very happy.",1
"Brilliant product at a fair price. Would absolutely recommend to anyone.",1
"Really pleased with this. My family loves it and it has made such a difference.",1
"Top notch quality and the instructions were clear and easy to follow.",1
"Cannot fault this at all. Ticks every single box for me.",1
"Just what I needed. Sturdy well made and looks great in my home.",1
"Really happy with this purchase. The colour is exactly as shown and the quality is superb.",1
"Excellent value for money. I have used it every day since it arrived.",1
"Great product. Easy to assemble and much better than I expected.",1
"Lovely item. Very well packaged and arrived in perfect condition.",1
"Highly recommend this. It does exactly what it says on the tin.",1
"Amazing quality for the price. I am a returning customer and will buy again.",1
"Perfect. Absolutely no complaints whatsoever. Delivered on time and works beautifully.",1
"Delighted with this. It has transformed the way I work from home.",1
"Superb craftsmanship. You can tell real thought and care went into making this.",1
"Wonderful little product. Does exactly what it is supposed to and does it well.",1
"I was sceptical at first but this has completely won me over. Fantastic.",1
"Good solid product that does the job without any fuss. Exactly as described.",1
"Very happy with this. Much better quality than the leading brand at half the price.",1
"Impressed by how quickly it arrived and how well it was packed. The product itself is great.",1
"Pleasant surprise. The reviews said it was good but it is actually better than that.",1
"Smooth transaction from start to finish. The product is excellent and I love it.",1
"Really solid and well thought out. Exactly the right choice for what I needed.",1
"Terrible product. Broke on the very first day I used it. Complete waste of money.",0
"The worst customer service I have ever experienced. Rude unhelpful and dismissive.",0
"Do not buy this. Arrived looking nothing like the photos and feels incredibly cheap.",0
"Extremely disappointed. The quality is shocking for the price they are charging.",0
"Broken on arrival and the returns process has been an absolute nightmare.",0
"Rubbish. Stopped working after three days and the company refuses to replace it.",0
"Misleading photos and description. What arrived was a poorly made imitation.",0
"Terrible experience from start to finish. Late delivery damaged packaging and a faulty product.",0
"Would give zero stars if I could. Absolutely awful in every possible way.",0
"Not worth a penny. Feels like it was made from the cheapest materials available.",0
"The item arrived with parts missing and getting a response from customer service is impossible.",0
"Appalling quality. I have seen better made toys in a pound shop.",0
"So frustrated. This is the third time I have had to contact them and nothing is resolved.",0
"Total rip off. The product is tiny in real life compared to the photos and barely functions.",0
"Dreadful. Leaked all over the place on first use and now I cannot get a refund.",0
"Fell apart within a week. Poor quality materials and even worse assembly.",0
"Utterly useless. Does not do what it claims and the instructions make no sense.",0
"Waste of money and time. I should have read the one star reviews before buying.",0
"Really poor. Looks nothing like the listing and the build quality is shocking.",0
"Disappointed and frustrated. Expected so much more based on the description.",0
"Not as described at all. Very cheap feeling and the colour is completely wrong.",0
"Broken hinge right out of the box. Clearly a quality control failure.",0
"Overpriced junk. You can get something far better for half the price elsewhere.",0
"Completely useless product. Would not recommend it to my worst enemy.",0
"Awful customer experience. Waited three weeks for delivery and it arrived damaged.",0
"No good at all. Stopped working after one use and the company ignored my emails.",0
"The worst product I have reviewed on this site in ten years of buying online.",0
"Really regret this purchase. Cheap nasty and a complete let down.",0
"Not fit for purpose. Returned immediately and had to fight for my refund.",0
"Absolutely fantastic product. Exceeded all my expectations and arrived ahead of schedule.",1
"Shocking quality. Nothing about this product meets the standard shown in the listing.",0
"Outstanding experience from start to finish. The product quality is second to none and I will definitely order again.",1
"The packaging was immaculate and the product itself is every bit as good as the description promised. Will order again.",1
"The food was so so good here, The experince was wonderful from start to end",1
"The study is very good, I liked the way the teacher taugh us",0